,epoch_number,train_loss,val_loss,val_acc,val_recall,val_precision,val_f1,val_support,val_mae,val_rmse,val_auc
0,0.0,1.8158607963050588,1.9784852305952556,0.9679654113247863,0.22654933814681108,0.25273526647872196,0.23892696237070882,,6.57721119133574,16.157589112485212,0.8763623933552093
1,1.0,1.6325392690439386,2.0574898863067994,0.9673540998931623,0.23379963898916967,0.24913844230368506,0.24122544949444,,6.101188327316486,15.04129530977852,0.8755301429627393
2,2.0,1.654327258712991,2.0972553689796953,0.9673838141025641,0.22722623345367027,0.24592992966918467,0.23620840630472856,,6.524473525872443,15.90488032771783,0.8685509396810125
3,3.0,1.6956746742797266,2.1189456555037163,0.9671133814102564,0.22251805054151624,0.24011492014024152,0.2309818249953157,,6.5098977135980745,15.79730822985182,0.8650409930995346
4,4.0,1.7025253058451408,2.120632136078217,0.966940438034188,0.22256317689530686,0.23813815747119038,0.23008739464435668,,6.570547533092659,15.858244636571186,0.8611337443825544
