,epoch_number,train_loss,val_loss,val_acc,val_recall,val_precision,val_f1,val_support,val_mae,val_rmse,val_auc
0,0.0,1.9776261219379858,1.9540413748186367,0.9711344818376069,0.18756016847172083,0.27760708878795975,0.2238680024417394,,14.385138387484957,28.65406815654924,0.8133910388554682
1,1.0,1.8318274576487148,1.9346011421523797,0.9714923878205128,0.19691636582430808,0.2903433286018453,0.2346730245231608,,15.702692539109506,31.702992457955087,0.8169316501927966
2,2.0,1.8177565758657728,1.9374860202368254,0.9713691907051282,0.19825511432009627,0.2888134107592856,0.23511572938500647,,16.487138989169676,33.10142120830101,0.8161592838800151
3,3.0,1.814887438159506,1.9430939770088747,0.9716115785256411,0.19972924187725632,0.29437978051213837,0.23798897701303942,,15.964079422382671,31.878060941186284,0.8152567599757277
4,4.0,1.8152147341862672,1.9211064953452501,0.9715748530982906,0.19673586040914562,0.2918312247584622,0.23502879682291525,,16.896510228640192,33.4637539780195,0.8179186178554315
