,epoch_number,train_loss,val_loss,val_acc,val_recall,val_precision,val_f1,val_support,val_mae,val_rmse,val_auc
0,0.0,0.9925730637308596,0.946881155150908,0.9770636574074074,0.3045833333333333,0.30911269293114385,0.30683129875126797,,3.7102083333333336,11.081494411437914,0.9300426904055068
1,1.0,0.8561082402976399,0.9818203111048098,0.9775123456790124,0.3165046296296296,0.32221803270961963,0.31933577784524836,,4.067800925925926,12.325752839473934,0.9296702418422031
